quiz_title,quiz_description,quiz_public,author_email,question_text,question_type,alternative_text,alternative_is_correct
Introdução à Engenharia de Requisitos,Baseado no Capítulo 1 do CPRE Foundation Level Handbook (v1.2.2).,true,clara@quiz.com,"O termo ""requisito"" denota três conceitos. Qual alternativa lista os três corretamente?",multiple_choice,"Desejo do desenvolvedor, restrição técnica e plano de projeto",false
Introdução à Engenharia de Requisitos,Baseado no Capítulo 1 do CPRE Foundation Level Handbook (v1.2.2).,true,clara@quiz.com,"O termo ""requisito"" denota três conceitos. Qual alternativa lista os três corretamente?",multiple_choice,"Objetivo de negócio, funcionalidade e prazo de entrega",false
Introdução à Engenharia de Requisitos,Baseado no Capítulo 1 do CPRE Foundation Level Handbook (v1.2.2).,true,clara@quiz.com,"O termo ""requisito"" denota três conceitos. Qual alternativa lista os três corretamente?",multiple_choice,Necessidade percebida por um stakeholder; capacidade ou propriedade que o sistema deve ter; representação documentada,true
Introdução à Engenharia de Requisitos,Baseado no Capítulo 1 do CPRE Foundation Level Handbook (v1.2.2).,true,clara@quiz.com,"O termo ""requisito"" denota três conceitos. Qual alternativa lista os três corretamente?",multiple_choice,"Especificação, código e teste",false
Introdução à Engenharia de Requisitos,Baseado no Capítulo 1 do CPRE Foundation Level Handbook (v1.2.2).,true,clara@quiz.com,Qual tipo de requisito limita o espaço da solução além do necessário para atender aos demais requisitos?,multiple_choice,Requisito funcional,false
Introdução à Engenharia de Requisitos,Baseado no Capítulo 1 do CPRE Foundation Level Handbook (v1.2.2).,true,clara@quiz.com,Qual tipo de requisito limita o espaço da solução além do necessário para atender aos demais requisitos?,multiple_choice,Requisito de qualidade,false
Introdução à Engenharia de Requisitos,Baseado no Capítulo 1 do CPRE Foundation Level Handbook (v1.2.2).,true,clara@quiz.com,Qual tipo de requisito limita o espaço da solução além do necessário para atender aos demais requisitos?,multiple_choice,Restrição,true
Introdução à Engenharia de Requisitos,Baseado no Capítulo 1 do CPRE Foundation Level Handbook (v1.2.2).,true,clara@quiz.com,Qual tipo de requisito limita o espaço da solução além do necessário para atender aos demais requisitos?,multiple_choice,Requisito de domínio,false
Introdução à Engenharia de Requisitos,Baseado no Capítulo 1 do CPRE Foundation Level Handbook (v1.2.2).,true,clara@quiz.com,Requisitos funcionais dizem respeito a:,multiple_choice,Resultado ou comportamento que deve ser fornecido por uma função do sistema,true
Introdução à Engenharia de Requisitos,Baseado no Capítulo 1 do CPRE Foundation Level Handbook (v1.2.2).,true,clara@quiz.com,Requisitos funcionais dizem respeito a:,multiple_choice,"Questões de qualidade, como desempenho e segurança",false
Introdução à Engenharia de Requisitos,Baseado no Capítulo 1 do CPRE Foundation Level Handbook (v1.2.2).,true,clara@quiz.com,Requisitos funcionais dizem respeito a:,multiple_choice,Limitações legais e contratuais,false
Introdução à Engenharia de Requisitos,Baseado no Capítulo 1 do CPRE Foundation Level Handbook (v1.2.2).,true,clara@quiz.com,Requisitos funcionais dizem respeito a:,multiple_choice,Metas de negócio da organização,false
Introdução à Engenharia de Requisitos,Baseado no Capítulo 1 do CPRE Foundation Level Handbook (v1.2.2).,true,clara@quiz.com,O que é Engenharia de Requisitos (ER)?,multiple_choice,Abordagem sistemática e disciplinada para especificação e gerenciamento de requisitos,true
Introdução à Engenharia de Requisitos,Baseado no Capítulo 1 do CPRE Foundation Level Handbook (v1.2.2).,true,clara@quiz.com,O que é Engenharia de Requisitos (ER)?,multiple_choice,Escrita de código a partir de requisitos,false
Introdução à Engenharia de Requisitos,Baseado no Capítulo 1 do CPRE Foundation Level Handbook (v1.2.2).,true,clara@quiz.com,O que é Engenharia de Requisitos (ER)?,multiple_choice,Teste de sistemas para encontrar defeitos,false
Introdução à Engenharia de Requisitos,Baseado no Capítulo 1 do CPRE Foundation Level Handbook (v1.2.2).,true,clara@quiz.com,O que é Engenharia de Requisitos (ER)?,multiple_choice,Gerenciamento do cronograma de um projeto,false
Introdução à Engenharia de Requisitos,Baseado no Capítulo 1 do CPRE Foundation Level Handbook (v1.2.2).,true,clara@quiz.com,Um stakeholder é:,multiple_choice,Pessoa ou organização que influencia os requisitos de um sistema ou é impactada por ele,true
Introdução à Engenharia de Requisitos,Baseado no Capítulo 1 do CPRE Foundation Level Handbook (v1.2.2).,true,clara@quiz.com,Um stakeholder é:,multiple_choice,Apenas o cliente que paga pelo sistema,false
Introdução à Engenharia de Requisitos,Baseado no Capítulo 1 do CPRE Foundation Level Handbook (v1.2.2).,true,clara@quiz.com,Um stakeholder é:,multiple_choice,Somente o usuário final do sistema,false
Introdução à Engenharia de Requisitos,Baseado no Capítulo 1 do CPRE Foundation Level Handbook (v1.2.2).,true,clara@quiz.com,Um stakeholder é:,multiple_choice,Qualquer funcionário da empresa desenvolvedora,false
Introdução à Engenharia de Requisitos,Baseado no Capítulo 1 do CPRE Foundation Level Handbook (v1.2.2).,true,clara@quiz.com,"Um sistema que abrange software, hardware, pessoas e aspectos organizacionais é chamado de:",multiple_choice,Sistema ciberfísico,false
Introdução à Engenharia de Requisitos,Baseado no Capítulo 1 do CPRE Foundation Level Handbook (v1.2.2).,true,clara@quiz.com,"Um sistema que abrange software, hardware, pessoas e aspectos organizacionais é chamado de:",multiple_choice,Sistema sociotécnico,true
Introdução à Engenharia de Requisitos,Baseado no Capítulo 1 do CPRE Foundation Level Handbook (v1.2.2).,true,clara@quiz.com,"Um sistema que abrange software, hardware, pessoas e aspectos organizacionais é chamado de:",multiple_choice,Sistema embarcado,false
Introdução à Engenharia de Requisitos,Baseado no Capítulo 1 do CPRE Foundation Level Handbook (v1.2.2).,true,clara@quiz.com,"Um sistema que abrange software, hardware, pessoas e aspectos organizacionais é chamado de:",multiple_choice,Sistema distribuído,false
Introdução à Engenharia de Requisitos,Baseado no Capítulo 1 do CPRE Foundation Level Handbook (v1.2.2).,true,clara@quiz.com,Os requisitos de usuário são:,multiple_choice,Um subconjunto dos requisitos de stakeholder,true
Introdução à Engenharia de Requisitos,Baseado no Capítulo 1 do CPRE Foundation Level Handbook (v1.2.2).,true,clara@quiz.com,Os requisitos de usuário são:,multiple_choice,Idênticos aos requisitos de negócio,false
Introdução à Engenharia de Requisitos,Baseado no Capítulo 1 do CPRE Foundation Level Handbook (v1.2.2).,true,clara@quiz.com,Os requisitos de usuário são:,multiple_choice,O mesmo que requisitos de domínio,false
Introdução à Engenharia de Requisitos,Baseado no Capítulo 1 do CPRE Foundation Level Handbook (v1.2.2).,true,clara@quiz.com,Os requisitos de usuário são:,multiple_choice,Um sinônimo de requisitos de software,false
Introdução à Engenharia de Requisitos,Baseado no Capítulo 1 do CPRE Foundation Level Handbook (v1.2.2).,true,clara@quiz.com,Quais são as principais tarefas da ER?,multiple_choice,"Elicitação, documentação, validação e gerenciamento",true
Introdução à Engenharia de Requisitos,Baseado no Capítulo 1 do CPRE Foundation Level Handbook (v1.2.2).,true,clara@quiz.com,Quais são as principais tarefas da ER?,multiple_choice,"Codificação, teste, implantação e operação",false
Introdução à Engenharia de Requisitos,Baseado no Capítulo 1 do CPRE Foundation Level Handbook (v1.2.2).,true,clara@quiz.com,Quais são as principais tarefas da ER?,multiple_choice,"Planejamento, orçamento, contratação e supervisão",false
Introdução à Engenharia de Requisitos,Baseado no Capítulo 1 do CPRE Foundation Level Handbook (v1.2.2).,true,clara@quiz.com,Quais são as principais tarefas da ER?,multiple_choice,"Análise de risco, arquitetura, projeto e segurança",false
Introdução à Engenharia de Requisitos,Baseado no Capítulo 1 do CPRE Foundation Level Handbook (v1.2.2).,true,clara@quiz.com,Detectar e corrigir requisitos errados ou ausentes no início do desenvolvimento:,multiple_choice,É muito mais barato do que corrigi-los em etapas posteriores ou após a implantação,true
Introdução à Engenharia de Requisitos,Baseado no Capítulo 1 do CPRE Foundation Level Handbook (v1.2.2).,true,clara@quiz.com,Detectar e corrigir requisitos errados ou ausentes no início do desenvolvimento:,multiple_choice,Tem o mesmo custo em qualquer fase do projeto,false
Introdução à Engenharia de Requisitos,Baseado no Capítulo 1 do CPRE Foundation Level Handbook (v1.2.2).,true,clara@quiz.com,Detectar e corrigir requisitos errados ou ausentes no início do desenvolvimento:,multiple_choice,"É mais caro, pois exige mais análise",false
Introdução à Engenharia de Requisitos,Baseado no Capítulo 1 do CPRE Foundation Level Handbook (v1.2.2).,true,clara@quiz.com,Detectar e corrigir requisitos errados ou ausentes no início do desenvolvimento:,multiple_choice,"É desnecessário, pois os testes encontram os problemas",false
Introdução à Engenharia de Requisitos,Baseado no Capítulo 1 do CPRE Foundation Level Handbook (v1.2.2).,true,clara@quiz.com,"Os requisitos existem sempre, mesmo quando não são explicitamente capturados e documentados.",true_false,Verdadeiro,true
Introdução à Engenharia de Requisitos,Baseado no Capítulo 1 do CPRE Foundation Level Handbook (v1.2.2).,true,clara@quiz.com,"Os requisitos existem sempre, mesmo quando não são explicitamente capturados e documentados.",true_false,Falso,false
Introdução à Engenharia de Requisitos,Baseado no Capítulo 1 do CPRE Foundation Level Handbook (v1.2.2).,true,clara@quiz.com,Um requisito funcional nunca contém informações sobre como o sistema deve fazer algo.,true_false,Verdadeiro,false
Introdução à Engenharia de Requisitos,Baseado no Capítulo 1 do CPRE Foundation Level Handbook (v1.2.2).,true,clara@quiz.com,Um requisito funcional nunca contém informações sobre como o sistema deve fazer algo.,true_false,Falso,true
Introdução à Engenharia de Requisitos,Baseado no Capítulo 1 do CPRE Foundation Level Handbook (v1.2.2).,true,clara@quiz.com,"A ER pode ser aplicada a requisitos de qualquer tipo de sistema, mas hoje se aplica predominantemente a sistemas onde o software desempenha um papel fundamental.",true_false,Verdadeiro,true
Introdução à Engenharia de Requisitos,Baseado no Capítulo 1 do CPRE Foundation Level Handbook (v1.2.2).,true,clara@quiz.com,"A ER pode ser aplicada a requisitos de qualquer tipo de sistema, mas hoje se aplica predominantemente a sistemas onde o software desempenha um papel fundamental.",true_false,Falso,false
Princípios Fundamentais da ER,Baseado no Capítulo 2 do CPRE Foundation Level Handbook (v1.2.2).,true,clara@quiz.com,Quantos princípios fundamentais regem a Engenharia de Requisitos?,multiple_choice,Cinco,false
Princípios Fundamentais da ER,Baseado no Capítulo 2 do CPRE Foundation Level Handbook (v1.2.2).,true,clara@quiz.com,Quantos princípios fundamentais regem a Engenharia de Requisitos?,multiple_choice,Sete,false
Princípios Fundamentais da ER,Baseado no Capítulo 2 do CPRE Foundation Level Handbook (v1.2.2).,true,clara@quiz.com,Quantos princípios fundamentais regem a Engenharia de Requisitos?,multiple_choice,Nove,true
Princípios Fundamentais da ER,Baseado no Capítulo 2 do CPRE Foundation Level Handbook (v1.2.2).,true,clara@quiz.com,Quantos princípios fundamentais regem a Engenharia de Requisitos?,multiple_choice,Doze,false
Princípios Fundamentais da ER,Baseado no Capítulo 2 do CPRE Foundation Level Handbook (v1.2.2).,true,clara@quiz.com,"Segundo o Princípio 1 (Orientação para o valor), o valor de um requisito é:",multiple_choice,Seu benefício menos seu custo,true
Princípios Fundamentais da ER,Baseado no Capítulo 2 do CPRE Foundation Level Handbook (v1.2.2).,true,clara@quiz.com,"Segundo o Princípio 1 (Orientação para o valor), o valor de um requisito é:",multiple_choice,O custo de implementá-lo no sistema,false
Princípios Fundamentais da ER,Baseado no Capítulo 2 do CPRE Foundation Level Handbook (v1.2.2).,true,clara@quiz.com,"Segundo o Princípio 1 (Orientação para o valor), o valor de um requisito é:",multiple_choice,O número de stakeholders que o pediram,false
Princípios Fundamentais da ER,Baseado no Capítulo 2 do CPRE Foundation Level Handbook (v1.2.2).,true,clara@quiz.com,"Segundo o Princípio 1 (Orientação para o valor), o valor de um requisito é:",multiple_choice,O tamanho da especificação em que aparece,false
Princípios Fundamentais da ER,Baseado no Capítulo 2 do CPRE Foundation Level Handbook (v1.2.2).,true,clara@quiz.com,"Sobre o valor econômico da ER, é correto afirmar:",multiple_choice,É principalmente indireto; a ER como tal é apenas custo,true
Princípios Fundamentais da ER,Baseado no Capítulo 2 do CPRE Foundation Level Handbook (v1.2.2).,true,clara@quiz.com,"Sobre o valor econômico da ER, é correto afirmar:",multiple_choice,"É direto, pois os clientes pagam pelos requisitos",false
Princípios Fundamentais da ER,Baseado no Capítulo 2 do CPRE Foundation Level Handbook (v1.2.2).,true,clara@quiz.com,"Sobre o valor econômico da ER, é correto afirmar:",multiple_choice,Não possui valor econômico mensurável,false
Princípios Fundamentais da ER,Baseado no Capítulo 2 do CPRE Foundation Level Handbook (v1.2.2).,true,clara@quiz.com,"Sobre o valor econômico da ER, é correto afirmar:",multiple_choice,É sempre proporcional ao tempo gasto na elicitação,false
Princípios Fundamentais da ER,Baseado no Capítulo 2 do CPRE Foundation Level Handbook (v1.2.2).,true,clara@quiz.com,O Princípio 3 distingue duas formas de entendimento compartilhado. O entendimento explícito:,multiple_choice,"É alcançado por requisitos cuidadosamente elaborados, documentados e acordados",true
Princípios Fundamentais da ER,Baseado no Capítulo 2 do CPRE Foundation Level Handbook (v1.2.2).,true,clara@quiz.com,O Princípio 3 distingue duas formas de entendimento compartilhado. O entendimento explícito:,multiple_choice,Baseia-se no conhecimento comum de necessidades e contexto,false
Princípios Fundamentais da ER,Baseado no Capítulo 2 do CPRE Foundation Level Handbook (v1.2.2).,true,clara@quiz.com,O Princípio 3 distingue duas formas de entendimento compartilhado. O entendimento explícito:,multiple_choice,Nunca pode ser falso,false
Princípios Fundamentais da ER,Baseado no Capítulo 2 do CPRE Foundation Level Handbook (v1.2.2).,true,clara@quiz.com,O Princípio 3 distingue duas formas de entendimento compartilhado. O entendimento explícito:,multiple_choice,"É típico da ER ágil, sem especificação escrita",false
Princípios Fundamentais da ER,Baseado no Capítulo 2 do CPRE Foundation Level Handbook (v1.2.2).,true,clara@quiz.com,"Na ER, ""contexto"" é definido como:",multiple_choice,A parte do ambiente do sistema relevante para a compreensão do sistema e de seus requisitos,true
Princípios Fundamentais da ER,Baseado no Capítulo 2 do CPRE Foundation Level Handbook (v1.2.2).,true,clara@quiz.com,"Na ER, ""contexto"" é definido como:",multiple_choice,"Todo o domínio de aplicação, sem exceções",false
Princípios Fundamentais da ER,Baseado no Capítulo 2 do CPRE Foundation Level Handbook (v1.2.2).,true,clara@quiz.com,"Na ER, ""contexto"" é definido como:",multiple_choice,Apenas o hardware do sistema,false
Princípios Fundamentais da ER,Baseado no Capítulo 2 do CPRE Foundation Level Handbook (v1.2.2).,true,clara@quiz.com,"Na ER, ""contexto"" é definido como:",multiple_choice,O conjunto de concorrentes do sistema,false
Princípios Fundamentais da ER,Baseado no Capítulo 2 do CPRE Foundation Level Handbook (v1.2.2).,true,clara@quiz.com,O limite do contexto é:,multiple_choice,A fronteira entre o contexto e as partes do domínio irrelevantes para o sistema,true
Princípios Fundamentais da ER,Baseado no Capítulo 2 do CPRE Foundation Level Handbook (v1.2.2).,true,clara@quiz.com,O limite do contexto é:,multiple_choice,A fronteira entre o sistema e o seu contexto adjacente,false
Princípios Fundamentais da ER,Baseado no Capítulo 2 do CPRE Foundation Level Handbook (v1.2.2).,true,clara@quiz.com,O limite do contexto é:,multiple_choice,O escopo de desenvolvimento do sistema,false
Princípios Fundamentais da ER,Baseado no Capítulo 2 do CPRE Foundation Level Handbook (v1.2.2).,true,clara@quiz.com,O limite do contexto é:,multiple_choice,A interface de usuário do sistema,false
Princípios Fundamentais da ER,Baseado no Capítulo 2 do CPRE Foundation Level Handbook (v1.2.2).,true,clara@quiz.com,"Validação, na ER, é o processo de confirmar que:",multiple_choice,Os requisitos documentados correspondem às necessidades dos stakeholders,true
Princípios Fundamentais da ER,Baseado no Capítulo 2 do CPRE Foundation Level Handbook (v1.2.2).,true,clara@quiz.com,"Validação, na ER, é o processo de confirmar que:",multiple_choice,O código implementado está livre de defeitos,false
Princípios Fundamentais da ER,Baseado no Capítulo 2 do CPRE Foundation Level Handbook (v1.2.2).,true,clara@quiz.com,"Validação, na ER, é o processo de confirmar que:",multiple_choice,O sistema atinge o desempenho especificado,false
Princípios Fundamentais da ER,Baseado no Capítulo 2 do CPRE Foundation Level Handbook (v1.2.2).,true,clara@quiz.com,"Validação, na ER, é o processo de confirmar que:",multiple_choice,O orçamento do projeto foi cumprido,false
Princípios Fundamentais da ER,Baseado no Capítulo 2 do CPRE Foundation Level Handbook (v1.2.2).,true,clara@quiz.com,"Para reduzir o impacto do falso entendimento compartilhado, a prática mais importante é:",multiple_choice,Usar um processo com ciclos de feedback curtos,true
Princípios Fundamentais da ER,Baseado no Capítulo 2 do CPRE Foundation Level Handbook (v1.2.2).,true,clara@quiz.com,"Para reduzir o impacto do falso entendimento compartilhado, a prática mais importante é:",multiple_choice,Escrever requisitos cada vez mais longos,false
Princípios Fundamentais da ER,Baseado no Capítulo 2 do CPRE Foundation Level Handbook (v1.2.2).,true,clara@quiz.com,"Para reduzir o impacto do falso entendimento compartilhado, a prática mais importante é:",multiple_choice,Contratar mais desenvolvedores,false
Princípios Fundamentais da ER,Baseado no Capítulo 2 do CPRE Foundation Level Handbook (v1.2.2).,true,clara@quiz.com,"Para reduzir o impacto do falso entendimento compartilhado, a prática mais importante é:",multiple_choice,Evitar reuniões com os stakeholders,false
Princípios Fundamentais da ER,Baseado no Capítulo 2 do CPRE Foundation Level Handbook (v1.2.2).,true,clara@quiz.com,"Segundo o Princípio 5, apesar do entrelaçamento inevitável, os Engenheiros de Requisitos procuram:",multiple_choice,"Separar as preocupações com requisitos das preocupações com soluções ao pensar, comunicar e documentar",true
Princípios Fundamentais da ER,Baseado no Capítulo 2 do CPRE Foundation Level Handbook (v1.2.2).,true,clara@quiz.com,"Segundo o Princípio 5, apesar do entrelaçamento inevitável, os Engenheiros de Requisitos procuram:",multiple_choice,"Unificar problemas, requisitos e soluções em um único documento",false
Princípios Fundamentais da ER,Baseado no Capítulo 2 do CPRE Foundation Level Handbook (v1.2.2).,true,clara@quiz.com,"Segundo o Princípio 5, apesar do entrelaçamento inevitável, os Engenheiros de Requisitos procuram:",multiple_choice,Ignorar a viabilidade técnica das soluções,false
Princípios Fundamentais da ER,Baseado no Capítulo 2 do CPRE Foundation Level Handbook (v1.2.2).,true,clara@quiz.com,"Segundo o Princípio 5, apesar do entrelaçamento inevitável, os Engenheiros de Requisitos procuram:",multiple_choice,Especificar apenas requisitos já implementados,false
Princípios Fundamentais da ER,Baseado no Capítulo 2 do CPRE Foundation Level Handbook (v1.2.2).,true,clara@quiz.com,"Segundo o Princípio 8 (Inovação), bons Engenheiros de Requisitos:",multiple_choice,"Vão além do que os stakeholders pedem, buscando formas melhores de resolver o problema",true
Princípios Fundamentais da ER,Baseado no Capítulo 2 do CPRE Foundation Level Handbook (v1.2.2).,true,clara@quiz.com,"Segundo o Princípio 8 (Inovação), bons Engenheiros de Requisitos:",multiple_choice,"Registram exatamente o que os stakeholders pedem, sem questionar",false
Princípios Fundamentais da ER,Baseado no Capítulo 2 do CPRE Foundation Level Handbook (v1.2.2).,true,clara@quiz.com,"Segundo o Princípio 8 (Inovação), bons Engenheiros de Requisitos:",multiple_choice,Acreditam que sabem tudo melhor que os stakeholders,false
Princípios Fundamentais da ER,Baseado no Capítulo 2 do CPRE Foundation Level Handbook (v1.2.2).,true,clara@quiz.com,"Segundo o Princípio 8 (Inovação), bons Engenheiros de Requisitos:",multiple_choice,Evitam propor novas funcionalidades,false
Princípios Fundamentais da ER,Baseado no Capítulo 2 do CPRE Foundation Level Handbook (v1.2.2).,true,clara@quiz.com,"A mudança de requisitos não é um acidente, mas o caso normal.",true_false,Verdadeiro,true
Princípios Fundamentais da ER,Baseado no Capítulo 2 do CPRE Foundation Level Handbook (v1.2.2).,true,clara@quiz.com,"A mudança de requisitos não é um acidente, mas o caso normal.",true_false,Falso,false
Princípios Fundamentais da ER,Baseado no Capítulo 2 do CPRE Foundation Level Handbook (v1.2.2).,true,clara@quiz.com,Requisitos não validados são inúteis.,true_false,Verdadeiro,true
Princípios Fundamentais da ER,Baseado no Capítulo 2 do CPRE Foundation Level Handbook (v1.2.2).,true,clara@quiz.com,Requisitos não validados são inúteis.,true_false,Falso,false
Princípios Fundamentais da ER,Baseado no Capítulo 2 do CPRE Foundation Level Handbook (v1.2.2).,true,clara@quiz.com,A agilidade e a flexibilidade são desculpas válidas para um estilo de trabalho desordenado e ad hoc na ER.,true_false,Verdadeiro,false
Princípios Fundamentais da ER,Baseado no Capítulo 2 do CPRE Foundation Level Handbook (v1.2.2).,true,clara@quiz.com,A agilidade e a flexibilidade são desculpas válidas para um estilo de trabalho desordenado e ad hoc na ER.,true_false,Falso,true
Princípios Fundamentais da ER,Baseado no Capítulo 2 do CPRE Foundation Level Handbook (v1.2.2).,true,clara@quiz.com,"Existe um processo universal de ER que funciona bem em toda situação — não há ""tamanho único"".",true_false,Verdadeiro,false
Princípios Fundamentais da ER,Baseado no Capítulo 2 do CPRE Foundation Level Handbook (v1.2.2).,true,clara@quiz.com,"Existe um processo universal de ER que funciona bem em toda situação — não há ""tamanho único"".",true_false,Falso,true
Produtos de Trabalho na ER,Baseado no Capítulo 3 do CPRE Foundation Level Handbook (v1.2.2).,true,clara@quiz.com,Um produto de trabalho é:,multiple_choice,O registro de resultados intermediários ou finais gerados por um processo de trabalho,true
Produtos de Trabalho na ER,Baseado no Capítulo 3 do CPRE Foundation Level Handbook (v1.2.2).,true,clara@quiz.com,Um produto de trabalho é:,multiple_choice,O código-fonte do sistema,false
Produtos de Trabalho na ER,Baseado no Capítulo 3 do CPRE Foundation Level Handbook (v1.2.2).,true,clara@quiz.com,Um produto de trabalho é:,multiple_choice,A equipe responsável pelo desenvolvimento,false
Produtos de Trabalho na ER,Baseado no Capítulo 3 do CPRE Foundation Level Handbook (v1.2.2).,true,clara@quiz.com,Um produto de trabalho é:,multiple_choice,O cronograma de um projeto,false
Produtos de Trabalho na ER,Baseado no Capítulo 3 do CPRE Foundation Level Handbook (v1.2.2).,true,clara@quiz.com,Quais são as três categorias de produtos de trabalho com respeito à vida útil?,multiple_choice,"Temporários, evolutivos e duráveis",true
Produtos de Trabalho na ER,Baseado no Capítulo 3 do CPRE Foundation Level Handbook (v1.2.2).,true,clara@quiz.com,Quais são as três categorias de produtos de trabalho com respeito à vida útil?,multiple_choice,"Novos, revisados e aprovados",false
Produtos de Trabalho na ER,Baseado no Capítulo 3 do CPRE Foundation Level Handbook (v1.2.2).,true,clara@quiz.com,Quais são as três categorias de produtos de trabalho com respeito à vida útil?,multiple_choice,"Pequenos, médios e grandes",false
Produtos de Trabalho na ER,Baseado no Capítulo 3 do CPRE Foundation Level Handbook (v1.2.2).,true,clara@quiz.com,Quais são as três categorias de produtos de trabalho com respeito à vida útil?,multiple_choice,"Textuais, gráficos e mistos",false
Produtos de Trabalho na ER,Baseado no Capítulo 3 do CPRE Foundation Level Handbook (v1.2.2).,true,clara@quiz.com,Produtos de trabalho temporários:,multiple_choice,"São descartados após o uso, sem manter metadados",true
Produtos de Trabalho na ER,Baseado no Capítulo 3 do CPRE Foundation Level Handbook (v1.2.2).,true,clara@quiz.com,Produtos de trabalho temporários:,multiple_choice,São sempre configurados como baseline,false
Produtos de Trabalho na ER,Baseado no Capítulo 3 do CPRE Foundation Level Handbook (v1.2.2).,true,clara@quiz.com,Produtos de trabalho temporários:,multiple_choice,Nunca podem se tornar evolutivos,false
Produtos de Trabalho na ER,Baseado no Capítulo 3 do CPRE Foundation Level Handbook (v1.2.2).,true,clara@quiz.com,Produtos de trabalho temporários:,multiple_choice,Exigem processo formal de mudança,false
Produtos de Trabalho na ER,Baseado no Capítulo 3 do CPRE Foundation Level Handbook (v1.2.2).,true,clara@quiz.com,O template de frase da ISO/IEC/IEEE 29148 para um requisito individual é:,multiple_choice,[Condição] Sujeito Ação Objetos [Restrição],true
Produtos de Trabalho na ER,Baseado no Capítulo 3 do CPRE Foundation Level Handbook (v1.2.2).,true,clara@quiz.com,O template de frase da ISO/IEC/IEEE 29148 para um requisito individual é:,multiple_choice,Como [papel] eu quero [requisito] para [benefício],false
Produtos de Trabalho na ER,Baseado no Capítulo 3 do CPRE Foundation Level Handbook (v1.2.2).,true,clara@quiz.com,O template de frase da ISO/IEC/IEEE 29148 para um requisito individual é:,multiple_choice,SE [pré-condição] ENTÃO o sistema deverá [resposta],false
Produtos de Trabalho na ER,Baseado no Capítulo 3 do CPRE Foundation Level Handbook (v1.2.2).,true,clara@quiz.com,O template de frase da ISO/IEC/IEEE 29148 para um requisito individual é:,multiple_choice,QUANDO [estado] o sistema deverá [resposta],false
Produtos de Trabalho na ER,Baseado no Capítulo 3 do CPRE Foundation Level Handbook (v1.2.2).,true,clara@quiz.com,"O template clássico de história de usuário, introduzido por Cohn, é:",multiple_choice,Como [papel] eu quero [requisito] para [benefício],true
Produtos de Trabalho na ER,Baseado no Capítulo 3 do CPRE Foundation Level Handbook (v1.2.2).,true,clara@quiz.com,"O template clássico de história de usuário, introduzido por Cohn, é:",multiple_choice,O sistema deve [ação] quando [condição],false
Produtos de Trabalho na ER,Baseado no Capítulo 3 do CPRE Foundation Level Handbook (v1.2.2).,true,clara@quiz.com,"O template clássico de história de usuário, introduzido por Cohn, é:",multiple_choice,[Ator] [ação] [objeto],false
Produtos de Trabalho na ER,Baseado no Capítulo 3 do CPRE Foundation Level Handbook (v1.2.2).,true,clara@quiz.com,"O template clássico de história de usuário, introduzido por Cohn, é:",multiple_choice,QUANDO [evento] o [sistema] deverá [resposta],false
Produtos de Trabalho na ER,Baseado no Capítulo 3 do CPRE Foundation Level Handbook (v1.2.2).,true,clara@quiz.com,"Na escrita de requisitos em linguagem natural, ""deverá"" denota:",multiple_choice,Um requisito obrigatório,true
Produtos de Trabalho na ER,Baseado no Capítulo 3 do CPRE Foundation Level Handbook (v1.2.2).,true,clara@quiz.com,"Na escrita de requisitos em linguagem natural, ""deverá"" denota:",multiple_choice,"Um requisito não obrigatório, mas fortemente desejado",false
Produtos de Trabalho na ER,Baseado no Capítulo 3 do CPRE Foundation Level Handbook (v1.2.2).,true,clara@quiz.com,"Na escrita de requisitos em linguagem natural, ""deverá"" denota:",multiple_choice,Uma declaração factual,false
Produtos de Trabalho na ER,Baseado no Capítulo 3 do CPRE Foundation Level Handbook (v1.2.2).,true,clara@quiz.com,"Na escrita de requisitos em linguagem natural, ""deverá"" denota:",multiple_choice,Um requisito apenas sugerido,false
Produtos de Trabalho na ER,Baseado no Capítulo 3 do CPRE Foundation Level Handbook (v1.2.2).,true,clara@quiz.com,Qual alternativa é uma ARMADILHA a evitar ao escrever requisitos em linguagem natural?,multiple_choice,Usar voz passiva sem sujeito explícito,true
Produtos de Trabalho na ER,Baseado no Capítulo 3 do CPRE Foundation Level Handbook (v1.2.2).,true,clara@quiz.com,Qual alternativa é uma ARMADILHA a evitar ao escrever requisitos em linguagem natural?,multiple_choice,Escrever frases curtas e bem estruturadas,false
Produtos de Trabalho na ER,Baseado no Capítulo 3 do CPRE Foundation Level Handbook (v1.2.2).,true,clara@quiz.com,Qual alternativa é uma ARMADILHA a evitar ao escrever requisitos em linguagem natural?,multiple_choice,Definir terminologia uniforme no glossário,false
Produtos de Trabalho na ER,Baseado no Capítulo 3 do CPRE Foundation Level Handbook (v1.2.2).,true,clara@quiz.com,Qual alternativa é uma ARMADILHA a evitar ao escrever requisitos em linguagem natural?,multiple_choice,Evitar termos vagos e ambíguos,false
Produtos de Trabalho na ER,Baseado no Capítulo 3 do CPRE Foundation Level Handbook (v1.2.2).,true,clara@quiz.com,Um modelo que indica qual é a realidade futura esperada ou necessária é chamado de:,multiple_choice,Modelo prescritivo,true
Produtos de Trabalho na ER,Baseado no Capítulo 3 do CPRE Foundation Level Handbook (v1.2.2).,true,clara@quiz.com,Um modelo que indica qual é a realidade futura esperada ou necessária é chamado de:,multiple_choice,Modelo descritivo,false
Produtos de Trabalho na ER,Baseado no Capítulo 3 do CPRE Foundation Level Handbook (v1.2.2).,true,clara@quiz.com,Um modelo que indica qual é a realidade futura esperada ou necessária é chamado de:,multiple_choice,Modelo conceitual,false
Produtos de Trabalho na ER,Baseado no Capítulo 3 do CPRE Foundation Level Handbook (v1.2.2).,true,clara@quiz.com,Um modelo que indica qual é a realidade futura esperada ou necessária é chamado de:,multiple_choice,Modelo físico,false
Produtos de Trabalho na ER,Baseado no Capítulo 3 do CPRE Foundation Level Handbook (v1.2.2).,true,clara@quiz.com,"No diagrama de contexto DFD (análise estruturada), o sistema é representado:",multiple_choice,"Como um processo central, cercado por terminadores (fontes e drenos)",true
Produtos de Trabalho na ER,Baseado no Capítulo 3 do CPRE Foundation Level Handbook (v1.2.2).,true,clara@quiz.com,"No diagrama de contexto DFD (análise estruturada), o sistema é representado:",multiple_choice,Como uma grande caixa retangular com casos de uso internos,false
Produtos de Trabalho na ER,Baseado no Capítulo 3 do CPRE Foundation Level Handbook (v1.2.2).,true,clara@quiz.com,"No diagrama de contexto DFD (análise estruturada), o sistema é representado:",multiple_choice,Como uma sequência de mensagens entre atores,false
Produtos de Trabalho na ER,Baseado no Capítulo 3 do CPRE Foundation Level Handbook (v1.2.2).,true,clara@quiz.com,"No diagrama de contexto DFD (análise estruturada), o sistema é representado:",multiple_choice,Como um conjunto de estados e transições,false
Produtos de Trabalho na ER,Baseado no Capítulo 3 do CPRE Foundation Level Handbook (v1.2.2).,true,clara@quiz.com,Diagramas de estado UML são usados para modelar:,multiple_choice,Estados e transições dependentes de eventos externos,true
Produtos de Trabalho na ER,Baseado no Capítulo 3 do CPRE Foundation Level Handbook (v1.2.2).,true,clara@quiz.com,Diagramas de estado UML são usados para modelar:,multiple_choice,A estrutura estática dos dados,false
Produtos de Trabalho na ER,Baseado no Capítulo 3 do CPRE Foundation Level Handbook (v1.2.2).,true,clara@quiz.com,Diagramas de estado UML são usados para modelar:,multiple_choice,O fluxo de processos de negócio (BPMN),false
Produtos de Trabalho na ER,Baseado no Capítulo 3 do CPRE Foundation Level Handbook (v1.2.2).,true,clara@quiz.com,Diagramas de estado UML são usados para modelar:,multiple_choice,Os objetivos de negócio da organização,false
Produtos de Trabalho na ER,Baseado no Capítulo 3 do CPRE Foundation Level Handbook (v1.2.2).,true,clara@quiz.com,Os critérios de qualidade mais importantes para requisitos individuais são:,multiple_choice,Adequação e compreensibilidade,true
Produtos de Trabalho na ER,Baseado no Capítulo 3 do CPRE Foundation Level Handbook (v1.2.2).,true,clara@quiz.com,Os critérios de qualidade mais importantes para requisitos individuais são:,multiple_choice,Tamanho e formatação,false
Produtos de Trabalho na ER,Baseado no Capítulo 3 do CPRE Foundation Level Handbook (v1.2.2).,true,clara@quiz.com,Os critérios de qualidade mais importantes para requisitos individuais são:,multiple_choice,Número e prioridade,false
Produtos de Trabalho na ER,Baseado no Capítulo 3 do CPRE Foundation Level Handbook (v1.2.2).,true,clara@quiz.com,Os critérios de qualidade mais importantes para requisitos individuais são:,multiple_choice,Custo e prazo,false
Produtos de Trabalho na ER,Baseado no Capítulo 3 do CPRE Foundation Level Handbook (v1.2.2).,true,clara@quiz.com,"Os protótipos utilizados na ER para criar entendimento compartilhado, esclarecer e validar requisitos são chamados:",multiple_choice,Protótipos exploratórios,true
Produtos de Trabalho na ER,Baseado no Capítulo 3 do CPRE Foundation Level Handbook (v1.2.2).,true,clara@quiz.com,"Os protótipos utilizados na ER para criar entendimento compartilhado, esclarecer e validar requisitos são chamados:",multiple_choice,Protótipos experimentais (breadboards),false
Produtos de Trabalho na ER,Baseado no Capítulo 3 do CPRE Foundation Level Handbook (v1.2.2).,true,clara@quiz.com,"Os protótipos utilizados na ER para criar entendimento compartilhado, esclarecer e validar requisitos são chamados:",multiple_choice,Protótipos evolutivos,false
Produtos de Trabalho na ER,Baseado no Capítulo 3 do CPRE Foundation Level Handbook (v1.2.2).,true,clara@quiz.com,"Os protótipos utilizados na ER para criar entendimento compartilhado, esclarecer e validar requisitos são chamados:",multiple_choice,Protótipos nativos,false
Produtos de Trabalho na ER,Baseado no Capítulo 3 do CPRE Foundation Level Handbook (v1.2.2).,true,clara@quiz.com,Requisitos modelados devem sempre ser acompanhados por requisitos em linguagem natural.,true_false,Verdadeiro,true
Produtos de Trabalho na ER,Baseado no Capítulo 3 do CPRE Foundation Level Handbook (v1.2.2).,true,clara@quiz.com,Requisitos modelados devem sempre ser acompanhados por requisitos em linguagem natural.,true_false,Falso,false
Produtos de Trabalho na ER,Baseado no Capítulo 3 do CPRE Foundation Level Handbook (v1.2.2).,true,clara@quiz.com,"A regra ""somente um requisito de qualidade quantificado é um bom requisito de qualidade"" está ultrapassada.",true_false,Verdadeiro,true
Produtos de Trabalho na ER,Baseado no Capítulo 3 do CPRE Foundation Level Handbook (v1.2.2).,true,clara@quiz.com,"A regra ""somente um requisito de qualidade quantificado é um bom requisito de qualidade"" está ultrapassada.",true_false,Falso,false
Produtos de Trabalho na ER,Baseado no Capítulo 3 do CPRE Foundation Level Handbook (v1.2.2).,true,clara@quiz.com,"A linguagem natural é otimizada para uma comunicação precisa, inequívoca e abrangente por meio de documentos escritos.",true_false,Verdadeiro,false
Produtos de Trabalho na ER,Baseado no Capítulo 3 do CPRE Foundation Level Handbook (v1.2.2).,true,clara@quiz.com,"A linguagem natural é otimizada para uma comunicação precisa, inequívoca e abrangente por meio de documentos escritos.",true_false,Falso,true
Práticas para Elaboração de Requisitos,Baseado no Capítulo 4 do CPRE Foundation Level Handbook (v1.2.2).,true,clara@quiz.com,Quais são as três categorias principais de fontes de requisitos?,multiple_choice,"Stakeholders, documentos e outros sistemas",true
Práticas para Elaboração de Requisitos,Baseado no Capítulo 4 do CPRE Foundation Level Handbook (v1.2.2).,true,clara@quiz.com,Quais são as três categorias principais de fontes de requisitos?,multiple_choice,"Clientes, desenvolvedores e testadores",false
Práticas para Elaboração de Requisitos,Baseado no Capítulo 4 do CPRE Foundation Level Handbook (v1.2.2).,true,clara@quiz.com,Quais são as três categorias principais de fontes de requisitos?,multiple_choice,"Hardware, software e dados",false
Práticas para Elaboração de Requisitos,Baseado no Capítulo 4 do CPRE Foundation Level Handbook (v1.2.2).,true,clara@quiz.com,Quais são as três categorias principais de fontes de requisitos?,multiple_choice,"Entrevistas, workshops e questionários",false
Práticas para Elaboração de Requisitos,Baseado no Capítulo 4 do CPRE Foundation Level Handbook (v1.2.2).,true,clara@quiz.com,O modelo de camadas de Alexander é uma técnica usada para:,multiple_choice,Identificar stakeholders de forma sistemática,true
Práticas para Elaboração de Requisitos,Baseado no Capítulo 4 do CPRE Foundation Level Handbook (v1.2.2).,true,clara@quiz.com,O modelo de camadas de Alexander é uma técnica usada para:,multiple_choice,Priorizar requisitos,false
Práticas para Elaboração de Requisitos,Baseado no Capítulo 4 do CPRE Foundation Level Handbook (v1.2.2).,true,clara@quiz.com,O modelo de camadas de Alexander é uma técnica usada para:,multiple_choice,Resolver conflitos entre requisitos,false
Práticas para Elaboração de Requisitos,Baseado no Capítulo 4 do CPRE Foundation Level Handbook (v1.2.2).,true,clara@quiz.com,O modelo de camadas de Alexander é uma técnica usada para:,multiple_choice,Validar a especificação,false
Práticas para Elaboração de Requisitos,Baseado no Capítulo 4 do CPRE Foundation Level Handbook (v1.2.2).,true,clara@quiz.com,Personas são:,multiple_choice,Indivíduos fictícios que representam grupos típicos de usuários com necessidades e comportamentos semelhantes,true
Práticas para Elaboração de Requisitos,Baseado no Capítulo 4 do CPRE Foundation Level Handbook (v1.2.2).,true,clara@quiz.com,Personas são:,multiple_choice,Representantes reais dos clientes,false
Práticas para Elaboração de Requisitos,Baseado no Capítulo 4 do CPRE Foundation Level Handbook (v1.2.2).,true,clara@quiz.com,Personas são:,multiple_choice,Especialistas de domínio contratados,false
Práticas para Elaboração de Requisitos,Baseado no Capítulo 4 do CPRE Foundation Level Handbook (v1.2.2).,true,clara@quiz.com,Personas são:,multiple_choice,Membros fixos da equipe de desenvolvimento,false
Práticas para Elaboração de Requisitos,Baseado no Capítulo 4 do CPRE Foundation Level Handbook (v1.2.2).,true,clara@quiz.com,"No modelo Kano, funcionalidades tão óbvias que os stakeholders não pedem (requisitos subconscientes) são:",multiple_choice,Fatores básicos,true
Práticas para Elaboração de Requisitos,Baseado no Capítulo 4 do CPRE Foundation Level Handbook (v1.2.2).,true,clara@quiz.com,"No modelo Kano, funcionalidades tão óbvias que os stakeholders não pedem (requisitos subconscientes) são:",multiple_choice,Fatores atrativos,false
Práticas para Elaboração de Requisitos,Baseado no Capítulo 4 do CPRE Foundation Level Handbook (v1.2.2).,true,clara@quiz.com,"No modelo Kano, funcionalidades tão óbvias que os stakeholders não pedem (requisitos subconscientes) são:",multiple_choice,Fatores de performance,false
Práticas para Elaboração de Requisitos,Baseado no Capítulo 4 do CPRE Foundation Level Handbook (v1.2.2).,true,clara@quiz.com,"No modelo Kano, funcionalidades tão óbvias que os stakeholders não pedem (requisitos subconscientes) são:",multiple_choice,Fatores indiferentes,false
Práticas para Elaboração de Requisitos,Baseado no Capítulo 4 do CPRE Foundation Level Handbook (v1.2.2).,true,clara@quiz.com,"No modelo Kano, funcionalidades desconhecidas pelos stakeholders, que são um diferencial quando presentes, são:",multiple_choice,Fatores atrativos (requisitos inconscientes),true
Práticas para Elaboração de Requisitos,Baseado no Capítulo 4 do CPRE Foundation Level Handbook (v1.2.2).,true,clara@quiz.com,"No modelo Kano, funcionalidades desconhecidas pelos stakeholders, que são um diferencial quando presentes, são:",multiple_choice,Fatores básicos,false
Práticas para Elaboração de Requisitos,Baseado no Capítulo 4 do CPRE Foundation Level Handbook (v1.2.2).,true,clara@quiz.com,"No modelo Kano, funcionalidades desconhecidas pelos stakeholders, que são um diferencial quando presentes, são:",multiple_choice,Fatores de performance,false
Práticas para Elaboração de Requisitos,Baseado no Capítulo 4 do CPRE Foundation Level Handbook (v1.2.2).,true,clara@quiz.com,"No modelo Kano, funcionalidades desconhecidas pelos stakeholders, que são um diferencial quando presentes, são:",multiple_choice,Fatores rejeitados,false
Práticas para Elaboração de Requisitos,Baseado no Capítulo 4 do CPRE Foundation Level Handbook (v1.2.2).,true,clara@quiz.com,As quatro subcategorias das técnicas de coleta são:,multiple_choice,"Questionamento, colaboração, observação e baseadas em artefatos",true
Práticas para Elaboração de Requisitos,Baseado no Capítulo 4 do CPRE Foundation Level Handbook (v1.2.2).,true,clara@quiz.com,As quatro subcategorias das técnicas de coleta são:,multiple_choice,"Entrevista, workshop, cenário e protótipo",false
Práticas para Elaboração de Requisitos,Baseado no Capítulo 4 do CPRE Foundation Level Handbook (v1.2.2).,true,clara@quiz.com,As quatro subcategorias das técnicas de coleta são:,multiple_choice,"Brainstorming, analogia, votação e imposição",false
Práticas para Elaboração de Requisitos,Baseado no Capítulo 4 do CPRE Foundation Level Handbook (v1.2.2).,true,clara@quiz.com,As quatro subcategorias das técnicas de coleta são:,multiple_choice,"Revisão, inspeção, walkthrough e teste",false
Práticas para Elaboração de Requisitos,Baseado no Capítulo 4 do CPRE Foundation Level Handbook (v1.2.2).,true,clara@quiz.com,As técnicas de observação são particularmente úteis para identificar:,multiple_choice,"Fatores básicos, que os stakeholders não mencionam",true
Práticas para Elaboração de Requisitos,Baseado no Capítulo 4 do CPRE Foundation Level Handbook (v1.2.2).,true,clara@quiz.com,As técnicas de observação são particularmente úteis para identificar:,multiple_choice,Fatores atrativos,false
Práticas para Elaboração de Requisitos,Baseado no Capítulo 4 do CPRE Foundation Level Handbook (v1.2.2).,true,clara@quiz.com,As técnicas de observação são particularmente úteis para identificar:,multiple_choice,Restrições legais,false
Práticas para Elaboração de Requisitos,Baseado no Capítulo 4 do CPRE Foundation Level Handbook (v1.2.2).,true,clara@quiz.com,As técnicas de observação são particularmente úteis para identificar:,multiple_choice,Requisitos de performance,false
Práticas para Elaboração de Requisitos,Baseado no Capítulo 4 do CPRE Foundation Level Handbook (v1.2.2).,true,clara@quiz.com,"No brainstorming, uma diretriz central é:",multiple_choice,Adiar o julgamento das ideias,true
Práticas para Elaboração de Requisitos,Baseado no Capítulo 4 do CPRE Foundation Level Handbook (v1.2.2).,true,clara@quiz.com,"No brainstorming, uma diretriz central é:",multiple_choice,Criticar as ideias para refiná-las,false
Práticas para Elaboração de Requisitos,Baseado no Capítulo 4 do CPRE Foundation Level Handbook (v1.2.2).,true,clara@quiz.com,"No brainstorming, uma diretriz central é:",multiple_choice,Selecionar apenas ideias viáveis de imediato,false
Práticas para Elaboração de Requisitos,Baseado no Capítulo 4 do CPRE Foundation Level Handbook (v1.2.2).,true,clara@quiz.com,"No brainstorming, uma diretriz central é:",multiple_choice,Evitar combinar ideias entre si,false
Práticas para Elaboração de Requisitos,Baseado no Capítulo 4 do CPRE Foundation Level Handbook (v1.2.2).,true,clara@quiz.com,A ordem correta das etapas da resolução de conflitos de requisitos é:,multiple_choice,"Identificar, analisar, resolver e documentar",true
Práticas para Elaboração de Requisitos,Baseado no Capítulo 4 do CPRE Foundation Level Handbook (v1.2.2).,true,clara@quiz.com,A ordem correta das etapas da resolução de conflitos de requisitos é:,multiple_choice,"Analisar, documentar, resolver e identificar",false
Práticas para Elaboração de Requisitos,Baseado no Capítulo 4 do CPRE Foundation Level Handbook (v1.2.2).,true,clara@quiz.com,A ordem correta das etapas da resolução de conflitos de requisitos é:,multiple_choice,"Resolver, identificar, documentar e analisar",false
Práticas para Elaboração de Requisitos,Baseado no Capítulo 4 do CPRE Foundation Level Handbook (v1.2.2).,true,clara@quiz.com,A ordem correta das etapas da resolução de conflitos de requisitos é:,multiple_choice,"Documentar, resolver, analisar e identificar",false
Práticas para Elaboração de Requisitos,Baseado no Capítulo 4 do CPRE Foundation Level Handbook (v1.2.2).,true,clara@quiz.com,A técnica de resolução de conflitos que transfere a escolha para um tomador de decisão com autoridade superior é:,multiple_choice,Imposição,true
Práticas para Elaboração de Requisitos,Baseado no Capítulo 4 do CPRE Foundation Level Handbook (v1.2.2).,true,clara@quiz.com,A técnica de resolução de conflitos que transfere a escolha para um tomador de decisão com autoridade superior é:,multiple_choice,Acordo,false
Práticas para Elaboração de Requisitos,Baseado no Capítulo 4 do CPRE Foundation Level Handbook (v1.2.2).,true,clara@quiz.com,A técnica de resolução de conflitos que transfere a escolha para um tomador de decisão com autoridade superior é:,multiple_choice,Compromisso,false
Práticas para Elaboração de Requisitos,Baseado no Capítulo 4 do CPRE Foundation Level Handbook (v1.2.2).,true,clara@quiz.com,A técnica de resolução de conflitos que transfere a escolha para um tomador de decisão com autoridade superior é:,multiple_choice,Votação,false
Práticas para Elaboração de Requisitos,Baseado no Capítulo 4 do CPRE Foundation Level Handbook (v1.2.2).,true,clara@quiz.com,"Na validação de requisitos, as três categorias de técnicas são:",multiple_choice,"Técnicas de revisão, técnicas exploratórias e desenvolvimento de amostras",true
Práticas para Elaboração de Requisitos,Baseado no Capítulo 4 do CPRE Foundation Level Handbook (v1.2.2).,true,clara@quiz.com,"Na validação de requisitos, as três categorias de técnicas são:",multiple_choice,"Entrevista, observação e questionário",false
Práticas para Elaboração de Requisitos,Baseado no Capítulo 4 do CPRE Foundation Level Handbook (v1.2.2).,true,clara@quiz.com,"Na validação de requisitos, as três categorias de técnicas são:",multiple_choice,"Estática, dinâmica e automatizada",false
Práticas para Elaboração de Requisitos,Baseado no Capítulo 4 do CPRE Foundation Level Handbook (v1.2.2).,true,clara@quiz.com,"Na validação de requisitos, as três categorias de técnicas são:",multiple_choice,"Inspeção, teste e implantação",false
Práticas para Elaboração de Requisitos,Baseado no Capítulo 4 do CPRE Foundation Level Handbook (v1.2.2).,true,clara@quiz.com,"A técnica de revisão mais formal, conduzida por um moderador independente e com checklists, é:",multiple_choice,Inspeção,true
Práticas para Elaboração de Requisitos,Baseado no Capítulo 4 do CPRE Foundation Level Handbook (v1.2.2).,true,clara@quiz.com,"A técnica de revisão mais formal, conduzida por um moderador independente e com checklists, é:",multiple_choice,Walkthrough,false
Práticas para Elaboração de Requisitos,Baseado no Capítulo 4 do CPRE Foundation Level Handbook (v1.2.2).,true,clara@quiz.com,"A técnica de revisão mais formal, conduzida por um moderador independente e com checklists, é:",multiple_choice,Revisão informal,false
Práticas para Elaboração de Requisitos,Baseado no Capítulo 4 do CPRE Foundation Level Handbook (v1.2.2).,true,clara@quiz.com,"A técnica de revisão mais formal, conduzida por um moderador independente e com checklists, é:",multiple_choice,Teste alfa,false
Práticas para Elaboração de Requisitos,Baseado no Capítulo 4 do CPRE Foundation Level Handbook (v1.2.2).,true,clara@quiz.com,Os testes beta são realizados:,multiple_choice,"Nas instalações do usuário final, em produção real",true
Práticas para Elaboração de Requisitos,Baseado no Capítulo 4 do CPRE Foundation Level Handbook (v1.2.2).,true,clara@quiz.com,Os testes beta são realizados:,multiple_choice,"No site do desenvolvedor, em ambiente simulado",false
Práticas para Elaboração de Requisitos,Baseado no Capítulo 4 do CPRE Foundation Level Handbook (v1.2.2).,true,clara@quiz.com,Os testes beta são realizados:,multiple_choice,Somente em laboratório de usabilidade,false
Práticas para Elaboração de Requisitos,Baseado no Capítulo 4 do CPRE Foundation Level Handbook (v1.2.2).,true,clara@quiz.com,Os testes beta são realizados:,multiple_choice,Apenas com protótipos de papel,false
Práticas para Elaboração de Requisitos,Baseado no Capítulo 4 do CPRE Foundation Level Handbook (v1.2.2).,true,clara@quiz.com,"A identificação de fontes de requisitos é feita uma única vez, no início do projeto.",true_false,Verdadeiro,false
Práticas para Elaboração de Requisitos,Baseado no Capítulo 4 do CPRE Foundation Level Handbook (v1.2.2).,true,clara@quiz.com,"A identificação de fontes de requisitos é feita uma única vez, no início do projeto.",true_false,Falso,true
Práticas para Elaboração de Requisitos,Baseado no Capítulo 4 do CPRE Foundation Level Handbook (v1.2.2).,true,clara@quiz.com,"Na arqueologia de sistemas, os requisitos são extraídos de sistemas existentes, como legados ou concorrentes.",true_false,Verdadeiro,true
Práticas para Elaboração de Requisitos,Baseado no Capítulo 4 do CPRE Foundation Level Handbook (v1.2.2).,true,clara@quiz.com,"Na arqueologia de sistemas, os requisitos são extraídos de sistemas existentes, como legados ou concorrentes.",true_false,Falso,false
Práticas para Elaboração de Requisitos,Baseado no Capítulo 4 do CPRE Foundation Level Handbook (v1.2.2).,true,clara@quiz.com,Conflitos de requisitos devem ser evitados e ignorados para não atrasar o desenvolvimento.,true_false,Verdadeiro,false
Práticas para Elaboração de Requisitos,Baseado no Capítulo 4 do CPRE Foundation Level Handbook (v1.2.2).,true,clara@quiz.com,Conflitos de requisitos devem ser evitados e ignorados para não atrasar o desenvolvimento.,true_false,Falso,true
Processo e Estrutura de Trabalho,Baseado no Capítulo 5 do CPRE Foundation Level Handbook (v1.2.2).,true,joao@quiz.com,Um processo é definido como:,multiple_choice,Um conjunto de atividades inter-relacionadas realizadas em uma determinada ordem,true
Processo e Estrutura de Trabalho,Baseado no Capítulo 5 do CPRE Foundation Level Handbook (v1.2.2).,true,joao@quiz.com,Um processo é definido como:,multiple_choice,Um conjunto de ferramentas de apoio,false
Processo e Estrutura de Trabalho,Baseado no Capítulo 5 do CPRE Foundation Level Handbook (v1.2.2).,true,joao@quiz.com,Um processo é definido como:,multiple_choice,A equipe responsável pelo projeto,false
Processo e Estrutura de Trabalho,Baseado no Capítulo 5 do CPRE Foundation Level Handbook (v1.2.2).,true,joao@quiz.com,Um processo é definido como:,multiple_choice,O cronograma de entregas do projeto,false
Processo e Estrutura de Trabalho,Baseado no Capítulo 5 do CPRE Foundation Level Handbook (v1.2.2).,true,joao@quiz.com,Quais são as três dimensões do processo de ER?,multiple_choice,"Tempo, finalidade e alvo",true
Processo e Estrutura de Trabalho,Baseado no Capítulo 5 do CPRE Foundation Level Handbook (v1.2.2).,true,joao@quiz.com,Quais são as três dimensões do processo de ER?,multiple_choice,"Custo, prazo e qualidade",false
Processo e Estrutura de Trabalho,Baseado no Capítulo 5 do CPRE Foundation Level Handbook (v1.2.2).,true,joao@quiz.com,Quais são as três dimensões do processo de ER?,multiple_choice,"Análise, projeto e teste",false
Processo e Estrutura de Trabalho,Baseado no Capítulo 5 do CPRE Foundation Level Handbook (v1.2.2).,true,joao@quiz.com,Quais são as três dimensões do processo de ER?,multiple_choice,"Pessoas, processos e ferramentas",false
Processo e Estrutura de Trabalho,Baseado no Capítulo 5 do CPRE Foundation Level Handbook (v1.2.2).,true,joao@quiz.com,"Na dimensão tempo, distinguimos:",multiple_choice,Processos sequenciais e iterativos,true
Processo e Estrutura de Trabalho,Baseado no Capítulo 5 do CPRE Foundation Level Handbook (v1.2.2).,true,joao@quiz.com,"Na dimensão tempo, distinguimos:",multiple_choice,Processos prescritivos e exploratórios,false
Processo e Estrutura de Trabalho,Baseado no Capítulo 5 do CPRE Foundation Level Handbook (v1.2.2).,true,joao@quiz.com,"Na dimensão tempo, distinguimos:",multiple_choice,Processos leves e pesados,false
Processo e Estrutura de Trabalho,Baseado no Capítulo 5 do CPRE Foundation Level Handbook (v1.2.2).,true,joao@quiz.com,"Na dimensão tempo, distinguimos:",multiple_choice,Processos específicos e orientados ao mercado,false
Processo e Estrutura de Trabalho,Baseado no Capítulo 5 do CPRE Foundation Level Handbook (v1.2.2).,true,joao@quiz.com,"Processos de ER sequenciais são, na maioria dos casos:",multiple_choice,"Pesos-pesados (heavyweight), pois exigem especificação abrangente",true
Processo e Estrutura de Trabalho,Baseado no Capítulo 5 do CPRE Foundation Level Handbook (v1.2.2).,true,joao@quiz.com,"Processos de ER sequenciais são, na maioria dos casos:",multiple_choice,Pesos-leves (lightweight),false
Processo e Estrutura de Trabalho,Baseado no Capítulo 5 do CPRE Foundation Level Handbook (v1.2.2).,true,joao@quiz.com,"Processos de ER sequenciais são, na maioria dos casos:",multiple_choice,Sem documentação formal,false
Processo e Estrutura de Trabalho,Baseado no Capítulo 5 do CPRE Foundation Level Handbook (v1.2.2).,true,joao@quiz.com,"Processos de ER sequenciais são, na maioria dos casos:",multiple_choice,Baseados exclusivamente em protótipos,false
Processo e Estrutura de Trabalho,Baseado no Capítulo 5 do CPRE Foundation Level Handbook (v1.2.2).,true,joao@quiz.com,Em um processo de ER prescritivo:,multiple_choice,A especificação constitui um contrato e todos os requisitos são obrigatórios,true
Processo e Estrutura de Trabalho,Baseado no Capítulo 5 do CPRE Foundation Level Handbook (v1.2.2).,true,joao@quiz.com,Em um processo de ER prescritivo:,multiple_choice,Os requisitos são explorados em iterações com os stakeholders,false
Processo e Estrutura de Trabalho,Baseado no Capítulo 5 do CPRE Foundation Level Handbook (v1.2.2).,true,joao@quiz.com,Em um processo de ER prescritivo:,multiple_choice,Apenas os objetivos são conhecidos a priori,false
Processo e Estrutura de Trabalho,Baseado no Capítulo 5 do CPRE Foundation Level Handbook (v1.2.2).,true,joao@quiz.com,Em um processo de ER prescritivo:,multiple_choice,O feedback dos usuários valida o produto no mercado,false
Processo e Estrutura de Trabalho,Baseado no Capítulo 5 do CPRE Foundation Level Handbook (v1.2.2).,true,joao@quiz.com,"Em um processo de ER orientado para o mercado, o sistema é desenvolvido:",multiple_choice,Como produto ou serviço para um segmento de mercado,true
Processo e Estrutura de Trabalho,Baseado no Capítulo 5 do CPRE Foundation Level Handbook (v1.2.2).,true,joao@quiz.com,"Em um processo de ER orientado para o mercado, o sistema é desenvolvido:",multiple_choice,Para uma organização específica que o encomendou,false
Processo e Estrutura de Trabalho,Baseado no Capítulo 5 do CPRE Foundation Level Handbook (v1.2.2).,true,joao@quiz.com,"Em um processo de ER orientado para o mercado, o sistema é desenvolvido:",multiple_choice,Somente para uso interno da organização,false
Processo e Estrutura de Trabalho,Baseado no Capítulo 5 do CPRE Foundation Level Handbook (v1.2.2).,true,joao@quiz.com,"Em um processo de ER orientado para o mercado, o sistema é desenvolvido:",multiple_choice,Sob contrato de preço fixo com um cliente,false
Processo e Estrutura de Trabalho,Baseado no Capítulo 5 do CPRE Foundation Level Handbook (v1.2.2).,true,joao@quiz.com,O processo de ER participativo combina os aspectos:,multiple_choice,"Iterativo, exploratório e específico para o cliente",true
Processo e Estrutura de Trabalho,Baseado no Capítulo 5 do CPRE Foundation Level Handbook (v1.2.2).,true,joao@quiz.com,O processo de ER participativo combina os aspectos:,multiple_choice,"Sequencial, prescritivo e orientado para o mercado",false
Processo e Estrutura de Trabalho,Baseado no Capítulo 5 do CPRE Foundation Level Handbook (v1.2.2).,true,joao@quiz.com,O processo de ER participativo combina os aspectos:,multiple_choice,"Iterativo, prescritivo e específico para o cliente",false
Processo e Estrutura de Trabalho,Baseado no Capítulo 5 do CPRE Foundation Level Handbook (v1.2.2).,true,joao@quiz.com,O processo de ER participativo combina os aspectos:,multiple_choice,"Sequencial, exploratório e orientado para o mercado",false
Processo e Estrutura de Trabalho,Baseado no Capítulo 5 do CPRE Foundation Level Handbook (v1.2.2).,true,joao@quiz.com,O processo de ER contratual é tipicamente escolhido quando:,multiple_choice,O desenvolvimento é licitado e terceirizado com base em uma especificação de requisitos abrangente,true
Processo e Estrutura de Trabalho,Baseado no Capítulo 5 do CPRE Foundation Level Handbook (v1.2.2).,true,joao@quiz.com,O processo de ER contratual é tipicamente escolhido quando:,multiple_choice,Há um mercado aberto para o produto,false
Processo e Estrutura de Trabalho,Baseado no Capítulo 5 do CPRE Foundation Level Handbook (v1.2.2).,true,joao@quiz.com,O processo de ER contratual é tipicamente escolhido quando:,multiple_choice,Os stakeholders não conhecem seus requisitos,false
Processo e Estrutura de Trabalho,Baseado no Capítulo 5 do CPRE Foundation Level Handbook (v1.2.2).,true,joao@quiz.com,O processo de ER contratual é tipicamente escolhido quando:,multiple_choice,O orçamento do projeto é muito apertado,false
Processo e Estrutura de Trabalho,Baseado no Capítulo 5 do CPRE Foundation Level Handbook (v1.2.2).,true,joao@quiz.com,Produtos de trabalho típicos do processo de ER participativo e orientado para o produto são:,multiple_choice,Backlog do produto com histórias de usuário e protótipos,true
Processo e Estrutura de Trabalho,Baseado no Capítulo 5 do CPRE Foundation Level Handbook (v1.2.2).,true,joao@quiz.com,Produtos de trabalho típicos do processo de ER participativo e orientado para o produto são:,multiple_choice,Especificação clássica de requisitos do sistema,false
Processo e Estrutura de Trabalho,Baseado no Capítulo 5 do CPRE Foundation Level Handbook (v1.2.2).,true,joao@quiz.com,Produtos de trabalho típicos do processo de ER participativo e orientado para o produto são:,multiple_choice,Contratos e acordos de nível de serviço,false
Processo e Estrutura de Trabalho,Baseado no Capítulo 5 do CPRE Foundation Level Handbook (v1.2.2).,true,joao@quiz.com,Produtos de trabalho típicos do processo de ER participativo e orientado para o produto são:,multiple_choice,Documentos de conformidade regulatória,false
Processo e Estrutura de Trabalho,Baseado no Capítulo 5 do CPRE Foundation Level Handbook (v1.2.2).,true,joao@quiz.com,O primeiro passo do procedimento em cinco etapas para configurar um processo de ER é:,multiple_choice,Analisar os fatores de influência,true
Processo e Estrutura de Trabalho,Baseado no Capítulo 5 do CPRE Foundation Level Handbook (v1.2.2).,true,joao@quiz.com,O primeiro passo do procedimento em cinco etapas para configurar um processo de ER é:,multiple_choice,Selecionar as práticas apropriadas,false
Processo e Estrutura de Trabalho,Baseado no Capítulo 5 do CPRE Foundation Level Handbook (v1.2.2).,true,joao@quiz.com,O primeiro passo do procedimento em cinco etapas para configurar um processo de ER é:,multiple_choice,Determinar os produtos de trabalho,false
Processo e Estrutura de Trabalho,Baseado no Capítulo 5 do CPRE Foundation Level Handbook (v1.2.2).,true,joao@quiz.com,O primeiro passo do procedimento em cinco etapas para configurar um processo de ER é:,multiple_choice,Avaliar os aspectos das dimensões,false
Processo e Estrutura de Trabalho,Baseado no Capítulo 5 do CPRE Foundation Level Handbook (v1.2.2).,true,joao@quiz.com,"Em um cenário ágil, qual combinação se encaixa melhor?",multiple_choice,"Processo de ER iterativo e exploratório, com o Product Owner em papel central",true
Processo e Estrutura de Trabalho,Baseado no Capítulo 5 do CPRE Foundation Level Handbook (v1.2.2).,true,joao@quiz.com,"Em um cenário ágil, qual combinação se encaixa melhor?",multiple_choice,Processo sequencial e prescritivo,false
Processo e Estrutura de Trabalho,Baseado no Capítulo 5 do CPRE Foundation Level Handbook (v1.2.2).,true,joao@quiz.com,"Em um cenário ágil, qual combinação se encaixa melhor?",multiple_choice,Processo orientado para o mercado sem envolvimento de stakeholders,false
Processo e Estrutura de Trabalho,Baseado no Capítulo 5 do CPRE Foundation Level Handbook (v1.2.2).,true,joao@quiz.com,"Em um cenário ágil, qual combinação se encaixa melhor?",multiple_choice,Processo contratual com especificação antecipada,false
Processo e Estrutura de Trabalho,Baseado no Capítulo 5 do CPRE Foundation Level Handbook (v1.2.2).,true,joao@quiz.com,A terceirização do desenvolvimento é feita preferencialmente com um processo de ER prescritivo.,true_false,Verdadeiro,true
Processo e Estrutura de Trabalho,Baseado no Capítulo 5 do CPRE Foundation Level Handbook (v1.2.2).,true,joao@quiz.com,A terceirização do desenvolvimento é feita preferencialmente com um processo de ER prescritivo.,true_false,Falso,false
Processo e Estrutura de Trabalho,Baseado no Capítulo 5 do CPRE Foundation Level Handbook (v1.2.2).,true,joao@quiz.com,Um processo de ER orientado para o mercado combina bem com um processo sequencial e prescritivo.,true_false,Verdadeiro,false
Processo e Estrutura de Trabalho,Baseado no Capítulo 5 do CPRE Foundation Level Handbook (v1.2.2).,true,joao@quiz.com,Um processo de ER orientado para o mercado combina bem com um processo sequencial e prescritivo.,true_false,Falso,true
Processo e Estrutura de Trabalho,Baseado no Capítulo 5 do CPRE Foundation Level Handbook (v1.2.2).,true,joao@quiz.com,Processos sequenciais de ER implicam longos ciclos de feedback.,true_false,Verdadeiro,true
Processo e Estrutura de Trabalho,Baseado no Capítulo 5 do CPRE Foundation Level Handbook (v1.2.2).,true,joao@quiz.com,Processos sequenciais de ER implicam longos ciclos de feedback.,true_false,Falso,false
Processo e Estrutura de Trabalho,Baseado no Capítulo 5 do CPRE Foundation Level Handbook (v1.2.2).,true,joao@quiz.com,"Quanto melhor o entendimento compartilhado e menor a criticidade do sistema, mais simples e leve pode ser o processo de ER.",true_false,Verdadeiro,true
Processo e Estrutura de Trabalho,Baseado no Capítulo 5 do CPRE Foundation Level Handbook (v1.2.2).,true,joao@quiz.com,"Quanto melhor o entendimento compartilhado e menor a criticidade do sistema, mais simples e leve pode ser o processo de ER.",true_false,Falso,false
Gerenciamento de Requisitos,Baseado no Capítulo 6 do CPRE Foundation Level Handbook (v1.2.2).,true,joao@quiz.com,"Segundo o glossário CPRE, gerenciamento de requisitos é:",multiple_choice,"O processo de gerenciar os requisitos existentes e seus produtos de trabalho relacionados, incluindo armazenamento, mudança e rastreamento",true
Gerenciamento de Requisitos,Baseado no Capítulo 6 do CPRE Foundation Level Handbook (v1.2.2).,true,joao@quiz.com,"Segundo o glossário CPRE, gerenciamento de requisitos é:",multiple_choice,A especificação inicial dos requisitos do sistema,false
Gerenciamento de Requisitos,Baseado no Capítulo 6 do CPRE Foundation Level Handbook (v1.2.2).,true,joao@quiz.com,"Segundo o glossário CPRE, gerenciamento de requisitos é:",multiple_choice,A validação dos requisitos com os stakeholders,false
Gerenciamento de Requisitos,Baseado no Capítulo 6 do CPRE Foundation Level Handbook (v1.2.2).,true,joao@quiz.com,"Segundo o glossário CPRE, gerenciamento de requisitos é:",multiple_choice,A seleção de ferramentas de apoio à ER,false
Gerenciamento de Requisitos,Baseado no Capítulo 6 do CPRE Foundation Level Handbook (v1.2.2).,true,joao@quiz.com,"Na prática, a gestão de requisitos é realizada principalmente:",multiple_choice,No nível do produto de trabalho,true
Gerenciamento de Requisitos,Baseado no Capítulo 6 do CPRE Foundation Level Handbook (v1.2.2).,true,joao@quiz.com,"Na prática, a gestão de requisitos é realizada principalmente:",multiple_choice,No nível do código-fonte,false
Gerenciamento de Requisitos,Baseado no Capítulo 6 do CPRE Foundation Level Handbook (v1.2.2).,true,joao@quiz.com,"Na prática, a gestão de requisitos é realizada principalmente:",multiple_choice,No nível do cronograma do projeto,false
Gerenciamento de Requisitos,Baseado no Capítulo 6 do CPRE Foundation Level Handbook (v1.2.2).,true,joao@quiz.com,"Na prática, a gestão de requisitos é realizada principalmente:",multiple_choice,No nível da equipe de desenvolvimento,false
Gerenciamento de Requisitos,Baseado no Capítulo 6 do CPRE Foundation Level Handbook (v1.2.2).,true,joao@quiz.com,O controle de versão requer a aplicação de três medidas:,multiple_choice,"Identificação de cada versão, descrição clara de cada mudança e política rigorosa de armazenamento",true
Gerenciamento de Requisitos,Baseado no Capítulo 6 do CPRE Foundation Level Handbook (v1.2.2).,true,joao@quiz.com,O controle de versão requer a aplicação de três medidas:,multiple_choice,"Backup, arquivamento e exclusão automática",false
Gerenciamento de Requisitos,Baseado no Capítulo 6 do CPRE Foundation Level Handbook (v1.2.2).,true,joao@quiz.com,O controle de versão requer a aplicação de três medidas:,multiple_choice,"Autor, data e status do documento",false
Gerenciamento de Requisitos,Baseado no Capítulo 6 do CPRE Foundation Level Handbook (v1.2.2).,true,joao@quiz.com,O controle de versão requer a aplicação de três medidas:,multiple_choice,"Compilação, teste e implantação",false
Gerenciamento de Requisitos,Baseado no Capítulo 6 do CPRE Foundation Level Handbook (v1.2.2).,true,joao@quiz.com,"A um produto de trabalho em desenvolvimento, a versão ""um"" é atribuída quando:",multiple_choice,"Ele é formalmente aprovado, liberado ou lançado",true
Gerenciamento de Requisitos,Baseado no Capítulo 6 do CPRE Foundation Level Handbook (v1.2.2).,true,joao@quiz.com,"A um produto de trabalho em desenvolvimento, a versão ""um"" é atribuída quando:",multiple_choice,Ele é criado pela primeira vez,false
Gerenciamento de Requisitos,Baseado no Capítulo 6 do CPRE Foundation Level Handbook (v1.2.2).,true,joao@quiz.com,"A um produto de trabalho em desenvolvimento, a versão ""um"" é atribuída quando:",multiple_choice,Ele sofre uma mudança editorial,false
Gerenciamento de Requisitos,Baseado no Capítulo 6 do CPRE Foundation Level Handbook (v1.2.2).,true,joao@quiz.com,"A um produto de trabalho em desenvolvimento, a versão ""um"" é atribuída quando:",multiple_choice,Ele muda de estado no ciclo de vida,false
Gerenciamento de Requisitos,Baseado no Capítulo 6 do CPRE Foundation Level Handbook (v1.2.2).,true,joao@quiz.com,Uma baseline é:,multiple_choice,"Uma configuração estável, validada e sob gestão controlada de mudanças, que sinaliza um marco",true
Gerenciamento de Requisitos,Baseado no Capítulo 6 do CPRE Foundation Level Handbook (v1.2.2).,true,joao@quiz.com,Uma baseline é:,multiple_choice,Um rascunho inicial de um requisito,false
Gerenciamento de Requisitos,Baseado no Capítulo 6 do CPRE Foundation Level Handbook (v1.2.2).,true,joao@quiz.com,Uma baseline é:,multiple_choice,A primeira versão de qualquer documento,false
Gerenciamento de Requisitos,Baseado no Capítulo 6 do CPRE Foundation Level Handbook (v1.2.2).,true,joao@quiz.com,Uma baseline é:,multiple_choice,Uma lista atualizada de stakeholders,false
Gerenciamento de Requisitos,Baseado no Capítulo 6 do CPRE Foundation Level Handbook (v1.2.2).,true,joao@quiz.com,Quais propriedades definem uma configuração correta?,multiple_choice,"Logicamente conectada, consistente, única, imutável e base para restauração",true
Gerenciamento de Requisitos,Baseado no Capítulo 6 do CPRE Foundation Level Handbook (v1.2.2).,true,joao@quiz.com,Quais propriedades definem uma configuração correta?,multiple_choice,"Completa, verificável, adequada e necessária",false
Gerenciamento de Requisitos,Baseado no Capítulo 6 do CPRE Foundation Level Handbook (v1.2.2).,true,joao@quiz.com,Quais propriedades definem uma configuração correta?,multiple_choice,"Rápida, barata, segura e escalável",false
Gerenciamento de Requisitos,Baseado no Capítulo 6 do CPRE Foundation Level Handbook (v1.2.2).,true,joao@quiz.com,Quais propriedades definem uma configuração correta?,multiple_choice,"Nova, revisada, aprovada e arquivada",false
Gerenciamento de Requisitos,Baseado no Capítulo 6 do CPRE Foundation Level Handbook (v1.2.2).,true,joao@quiz.com,Qual item NÃO é um atributo de requisito mencionado pela ISO/IEC/IEEE 29148?,multiple_choice,Cor de fundo,true
Gerenciamento de Requisitos,Baseado no Capítulo 6 do CPRE Foundation Level Handbook (v1.2.2).,true,joao@quiz.com,Qual item NÃO é um atributo de requisito mencionado pela ISO/IEC/IEEE 29148?,multiple_choice,Identificação,false
Gerenciamento de Requisitos,Baseado no Capítulo 6 do CPRE Foundation Level Handbook (v1.2.2).,true,joao@quiz.com,Qual item NÃO é um atributo de requisito mencionado pela ISO/IEC/IEEE 29148?,multiple_choice,Prioridade para os stakeholders,false
Gerenciamento de Requisitos,Baseado no Capítulo 6 do CPRE Foundation Level Handbook (v1.2.2).,true,joao@quiz.com,Qual item NÃO é um atributo de requisito mencionado pela ISO/IEC/IEEE 29148?,multiple_choice,Fonte,false
Gerenciamento de Requisitos,Baseado no Capítulo 6 do CPRE Foundation Level Handbook (v1.2.2).,true,joao@quiz.com,Os três tipos de visualizações de requisitos são:,multiple_choice,"Seletivas, filtradas e agregadoras",true
Gerenciamento de Requisitos,Baseado no Capítulo 6 do CPRE Foundation Level Handbook (v1.2.2).,true,joao@quiz.com,Os três tipos de visualizações de requisitos são:,multiple_choice,"Textuais, gráficas e mistas",false
Gerenciamento de Requisitos,Baseado no Capítulo 6 do CPRE Foundation Level Handbook (v1.2.2).,true,joao@quiz.com,Os três tipos de visualizações de requisitos são:,multiple_choice,"Simples, médias e complexas",false
Gerenciamento de Requisitos,Baseado no Capítulo 6 do CPRE Foundation Level Handbook (v1.2.2).,true,joao@quiz.com,Os três tipos de visualizações de requisitos são:,multiple_choice,"Internas, externas e públicas",false
Gerenciamento de Requisitos,Baseado no Capítulo 6 do CPRE Foundation Level Handbook (v1.2.2).,true,joao@quiz.com,A rastreabilidade retroativa responde à pergunta:,multiple_choice,Qual foi a origem de um determinado requisito?,true
Gerenciamento de Requisitos,Baseado no Capítulo 6 do CPRE Foundation Level Handbook (v1.2.2).,true,joao@quiz.com,A rastreabilidade retroativa responde à pergunta:,multiple_choice,Onde este requisito é utilizado?,false
Gerenciamento de Requisitos,Baseado no Capítulo 6 do CPRE Foundation Level Handbook (v1.2.2).,true,joao@quiz.com,A rastreabilidade retroativa responde à pergunta:,multiple_choice,Quais requisitos dependem de outros requisitos?,false
Gerenciamento de Requisitos,Baseado no Capítulo 6 do CPRE Foundation Level Handbook (v1.2.2).,true,joao@quiz.com,A rastreabilidade retroativa responde à pergunta:,multiple_choice,Quando o requisito será implementado?,false
Gerenciamento de Requisitos,Baseado no Capítulo 6 do CPRE Foundation Level Handbook (v1.2.2).,true,joao@quiz.com,"Em uma abordagem de desenvolvimento iterativa, a autoridade de mudança geralmente é:",multiple_choice,O Product Owner,true
Gerenciamento de Requisitos,Baseado no Capítulo 6 do CPRE Foundation Level Handbook (v1.2.2).,true,joao@quiz.com,"Em uma abordagem de desenvolvimento iterativa, a autoridade de mudança geralmente é:",multiple_choice,O Conselho de Controle de Mudanças,false
Gerenciamento de Requisitos,Baseado no Capítulo 6 do CPRE Foundation Level Handbook (v1.2.2).,true,joao@quiz.com,"Em uma abordagem de desenvolvimento iterativa, a autoridade de mudança geralmente é:",multiple_choice,O comitê de direção do projeto,false
Gerenciamento de Requisitos,Baseado no Capítulo 6 do CPRE Foundation Level Handbook (v1.2.2).,true,joao@quiz.com,"Em uma abordagem de desenvolvimento iterativa, a autoridade de mudança geralmente é:",multiple_choice,A gestão do projeto,false
Gerenciamento de Requisitos,Baseado no Capítulo 6 do CPRE Foundation Level Handbook (v1.2.2).,true,joao@quiz.com,Qual técnica de priorização é considerada ad hoc (e não analítica)?,multiple_choice,MoSCoW,true
Gerenciamento de Requisitos,Baseado no Capítulo 6 do CPRE Foundation Level Handbook (v1.2.2).,true,joao@quiz.com,Qual técnica de priorização é considerada ad hoc (e não analítica)?,multiple_choice,Matriz de decisão com critérios ponderados,false
Gerenciamento de Requisitos,Baseado no Capítulo 6 do CPRE Foundation Level Handbook (v1.2.2).,true,joao@quiz.com,Qual técnica de priorização é considerada ad hoc (e não analítica)?,multiple_choice,Pontuação por múltiplos critérios de avaliação,false
Gerenciamento de Requisitos,Baseado no Capítulo 6 do CPRE Foundation Level Handbook (v1.2.2).,true,joao@quiz.com,Qual técnica de priorização é considerada ad hoc (e não analítica)?,multiple_choice,Cálculo de prioridade ponderada,false
Gerenciamento de Requisitos,Baseado no Capítulo 6 do CPRE Foundation Level Handbook (v1.2.2).,true,joao@quiz.com,O gerenciamento de requisitos é parte integrante da Engenharia de Requisitos.,true_false,Verdadeiro,true
Gerenciamento de Requisitos,Baseado no Capítulo 6 do CPRE Foundation Level Handbook (v1.2.2).,true,joao@quiz.com,O gerenciamento de requisitos é parte integrante da Engenharia de Requisitos.,true_false,Falso,false
Gerenciamento de Requisitos,Baseado no Capítulo 6 do CPRE Foundation Level Handbook (v1.2.2).,true,joao@quiz.com,"Uma mudança no estado do ciclo de vida é, por si só, um motivo para aumentar o número de versão.",true_false,Verdadeiro,false
Gerenciamento de Requisitos,Baseado no Capítulo 6 do CPRE Foundation Level Handbook (v1.2.2).,true,joao@quiz.com,"Uma mudança no estado do ciclo de vida é, por si só, um motivo para aumentar o número de versão.",true_false,Falso,true
Gerenciamento de Requisitos,Baseado no Capítulo 6 do CPRE Foundation Level Handbook (v1.2.2).,true,joao@quiz.com,Uma configuração é imutável e sempre terá apenas uma versão.,true_false,Verdadeiro,true
Gerenciamento de Requisitos,Baseado no Capítulo 6 do CPRE Foundation Level Handbook (v1.2.2).,true,joao@quiz.com,Uma configuração é imutável e sempre terá apenas uma versão.,true_false,Falso,false
Gerenciamento de Requisitos,Baseado no Capítulo 6 do CPRE Foundation Level Handbook (v1.2.2).,true,joao@quiz.com,Só vale a pena priorizar requisitos para os quais há a escolha de incluí-los ou não na próxima etapa do desenvolvimento.,true_false,Verdadeiro,true
Gerenciamento de Requisitos,Baseado no Capítulo 6 do CPRE Foundation Level Handbook (v1.2.2).,true,joao@quiz.com,Só vale a pena priorizar requisitos para os quais há a escolha de incluí-los ou não na próxima etapa do desenvolvimento.,true_false,Falso,false
Ferramentas de Suporte,Baseado no Capítulo 7 do CPRE Foundation Level Handbook (v1.2.2).,true,joao@quiz.com,Ferramentas CASE (computer-aided software engineering) são:,multiple_choice,Ferramentas que apoiam uma tarefa específica no processo de produção de software,true
Ferramentas de Suporte,Baseado no Capítulo 7 do CPRE Foundation Level Handbook (v1.2.2).,true,joao@quiz.com,Ferramentas CASE (computer-aided software engineering) são:,multiple_choice,Ferramentas exclusivas para modelagem UML,false
Ferramentas de Suporte,Baseado no Capítulo 7 do CPRE Foundation Level Handbook (v1.2.2).,true,joao@quiz.com,Ferramentas CASE (computer-aided software engineering) são:,multiple_choice,Sistemas operacionais especializados,false
Ferramentas de Suporte,Baseado no Capítulo 7 do CPRE Foundation Level Handbook (v1.2.2).,true,joao@quiz.com,Ferramentas CASE (computer-aided software engineering) são:,multiple_choice,Linguagens de programação,false
Ferramentas de Suporte,Baseado no Capítulo 7 do CPRE Foundation Level Handbook (v1.2.2).,true,joao@quiz.com,Qual categoria NÃO é um tipo de ferramenta de suporte à ER listado no handbook?,multiple_choice,Compilação de código,true
Ferramentas de Suporte,Baseado no Capítulo 7 do CPRE Foundation Level Handbook (v1.2.2).,true,joao@quiz.com,Qual categoria NÃO é um tipo de ferramenta de suporte à ER listado no handbook?,multiple_choice,Gerenciamento de requisitos,false
Ferramentas de Suporte,Baseado no Capítulo 7 do CPRE Foundation Level Handbook (v1.2.2).,true,joao@quiz.com,Qual categoria NÃO é um tipo de ferramenta de suporte à ER listado no handbook?,multiple_choice,Modelagem de requisitos,false
Ferramentas de Suporte,Baseado no Capítulo 7 do CPRE Foundation Level Handbook (v1.2.2).,true,joao@quiz.com,Qual categoria NÃO é um tipo de ferramenta de suporte à ER listado no handbook?,multiple_choice,Colaboração em ER,false
Ferramentas de Suporte,Baseado no Capítulo 7 do CPRE Foundation Level Handbook (v1.2.2).,true,joao@quiz.com,Ferramentas de gerenciamento de requisitos apoiam:,multiple_choice,"Atributos, priorização, ciclo de vida, versões, rastreamento e mudanças",true
Ferramentas de Suporte,Baseado no Capítulo 7 do CPRE Foundation Level Handbook (v1.2.2).,true,joao@quiz.com,Ferramentas de gerenciamento de requisitos apoiam:,multiple_choice,Somente a escrita de textos,false
Ferramentas de Suporte,Baseado no Capítulo 7 do CPRE Foundation Level Handbook (v1.2.2).,true,joao@quiz.com,Ferramentas de gerenciamento de requisitos apoiam:,multiple_choice,Apenas a modelagem gráfica,false
Ferramentas de Suporte,Baseado no Capítulo 7 do CPRE Foundation Level Handbook (v1.2.2).,true,joao@quiz.com,Ferramentas de gerenciamento de requisitos apoiam:,multiple_choice,Exclusivamente testes automatizados,false
Ferramentas de Suporte,Baseado no Capítulo 7 do CPRE Foundation Level Handbook (v1.2.2).,true,joao@quiz.com,A seleção de uma ferramenta de ER começa com:,multiple_choice,A definição dos objetivos e problemas que se deseja resolver no processo de ER,true
Ferramentas de Suporte,Baseado no Capítulo 7 do CPRE Foundation Level Handbook (v1.2.2).,true,joao@quiz.com,A seleção de uma ferramenta de ER começa com:,multiple_choice,A compra da ferramenta mais barata do mercado,false
Ferramentas de Suporte,Baseado no Capítulo 7 do CPRE Foundation Level Handbook (v1.2.2).,true,joao@quiz.com,A seleção de uma ferramenta de ER começa com:,multiple_choice,O treinamento dos usuários,false
Ferramentas de Suporte,Baseado no Capítulo 7 do CPRE Foundation Level Handbook (v1.2.2).,true,joao@quiz.com,A seleção de uma ferramenta de ER começa com:,multiple_choice,A avaliação econômica detalhada,false
Ferramentas de Suporte,Baseado no Capítulo 7 do CPRE Foundation Level Handbook (v1.2.2).,true,joao@quiz.com,"Sobre as ferramentas de ER, é correto afirmar:",multiple_choice,Elas não resolvem questões organizacionais ou humanas,true
Ferramentas de Suporte,Baseado no Capítulo 7 do CPRE Foundation Level Handbook (v1.2.2).,true,joao@quiz.com,"Sobre as ferramentas de ER, é correto afirmar:",multiple_choice,Elas garantem a disciplina dos usuários no registro dos requisitos,false
Ferramentas de Suporte,Baseado no Capítulo 7 do CPRE Foundation Level Handbook (v1.2.2).,true,joao@quiz.com,"Sobre as ferramentas de ER, é correto afirmar:",multiple_choice,Elas substituem o processo de ER,false
Ferramentas de Suporte,Baseado no Capítulo 7 do CPRE Foundation Level Handbook (v1.2.2).,true,joao@quiz.com,"Sobre as ferramentas de ER, é correto afirmar:",multiple_choice,Elas eliminam a necessidade de acordos entre a equipe,false
Ferramentas de Suporte,Baseado no Capítulo 7 do CPRE Foundation Level Handbook (v1.2.2).,true,joao@quiz.com,"Ao introduzir uma ferramenta de ER, deve-se:",multiple_choice,"Considerar todos os custos do ciclo de vida, além dos custos de licença",true
Ferramentas de Suporte,Baseado no Capítulo 7 do CPRE Foundation Level Handbook (v1.2.2).,true,joao@quiz.com,"Ao introduzir uma ferramenta de ER, deve-se:",multiple_choice,Ignorar os custos de manutenção e suporte,false
Ferramentas de Suporte,Baseado no Capítulo 7 do CPRE Foundation Level Handbook (v1.2.2).,true,joao@quiz.com,"Ao introduzir uma ferramenta de ER, deve-se:",multiple_choice,Comprar sempre a ferramenta mais cara,false
Ferramentas de Suporte,Baseado no Capítulo 7 do CPRE Foundation Level Handbook (v1.2.2).,true,joao@quiz.com,"Ao introduzir uma ferramenta de ER, deve-se:",multiple_choice,Evitar projetos-piloto para não atrasar,false
Ferramentas de Suporte,Baseado no Capítulo 7 do CPRE Foundation Level Handbook (v1.2.2).,true,joao@quiz.com,A execução de projetos-piloto serve para:,multiple_choice,"Evitar riscos, testando a ferramenta em pequena escala",true
Ferramentas de Suporte,Baseado no Capítulo 7 do CPRE Foundation Level Handbook (v1.2.2).,true,joao@quiz.com,A execução de projetos-piloto serve para:,multiple_choice,Treinar os stakeholders no sistema final,false
Ferramentas de Suporte,Baseado no Capítulo 7 do CPRE Foundation Level Handbook (v1.2.2).,true,joao@quiz.com,A execução de projetos-piloto serve para:,multiple_choice,Testar o sistema em produção,false
Ferramentas de Suporte,Baseado no Capítulo 7 do CPRE Foundation Level Handbook (v1.2.2).,true,joao@quiz.com,A execução de projetos-piloto serve para:,multiple_choice,Validar requisitos com usuários,false
Ferramentas de Suporte,Baseado no Capítulo 7 do CPRE Foundation Level Handbook (v1.2.2).,true,joao@quiz.com,Qual é uma forma válida de projeto-piloto?,multiple_choice,Aplicar a ferramenta a um projeto/sistema não crítico,true
Ferramentas de Suporte,Baseado no Capítulo 7 do CPRE Foundation Level Handbook (v1.2.2).,true,joao@quiz.com,Qual é uma forma válida de projeto-piloto?,multiple_choice,Implantá-la em todos os projetos simultaneamente,false
Ferramentas de Suporte,Baseado no Capítulo 7 do CPRE Foundation Level Handbook (v1.2.2).,true,joao@quiz.com,Qual é uma forma válida de projeto-piloto?,multiple_choice,Usá-la sem treinamento dos usuários,false
Ferramentas de Suporte,Baseado no Capítulo 7 do CPRE Foundation Level Handbook (v1.2.2).,true,joao@quiz.com,Qual é uma forma válida de projeto-piloto?,multiple_choice,Abandonar imediatamente o método de trabalho anterior,false
Ferramentas de Suporte,Baseado no Capítulo 7 do CPRE Foundation Level Handbook (v1.2.2).,true,joao@quiz.com,As perspectivas de avaliação de uma ferramenta de ER incluem:,multiple_choice,"Projeto, processo, usuário, produto, fornecedor, econômica e arquitetura",true
Ferramentas de Suporte,Baseado no Capítulo 7 do CPRE Foundation Level Handbook (v1.2.2).,true,joao@quiz.com,As perspectivas de avaliação de uma ferramenta de ER incluem:,multiple_choice,"Custo, cor, tamanho e velocidade",false
Ferramentas de Suporte,Baseado no Capítulo 7 do CPRE Foundation Level Handbook (v1.2.2).,true,joao@quiz.com,As perspectivas de avaliação de uma ferramenta de ER incluem:,multiple_choice,"Marketing, vendas, suporte e logística",false
Ferramentas de Suporte,Baseado no Capítulo 7 do CPRE Foundation Level Handbook (v1.2.2).,true,joao@quiz.com,As perspectivas de avaliação de uma ferramenta de ER incluem:,multiple_choice,"Hardware, software, rede e banco de dados",false
Ferramentas de Suporte,Baseado no Capítulo 7 do CPRE Foundation Level Handbook (v1.2.2).,true,joao@quiz.com,"Sobre o uso de ferramentas de escritório (planilhas, editores de texto) para requisitos:",multiple_choice,Têm limitações e só devem ser usadas quando os Engenheiros de Requisitos estiverem no controle do processo de ER,true
Ferramentas de Suporte,Baseado no Capítulo 7 do CPRE Foundation Level Handbook (v1.2.2).,true,joao@quiz.com,"Sobre o uso de ferramentas de escritório (planilhas, editores de texto) para requisitos:",multiple_choice,São ideais para qualquer projeto,false
Ferramentas de Suporte,Baseado no Capítulo 7 do CPRE Foundation Level Handbook (v1.2.2).,true,joao@quiz.com,"Sobre o uso de ferramentas de escritório (planilhas, editores de texto) para requisitos:",multiple_choice,Suportam todas as atividades de gerenciamento de requisitos,false
Ferramentas de Suporte,Baseado no Capítulo 7 do CPRE Foundation Level Handbook (v1.2.2).,true,joao@quiz.com,"Sobre o uso de ferramentas de escritório (planilhas, editores de texto) para requisitos:",multiple_choice,Devem ser sempre evitadas,false
Ferramentas de Suporte,Baseado no Capítulo 7 do CPRE Foundation Level Handbook (v1.2.2).,true,joao@quiz.com,As ferramentas de ER existentes concentram-se no apoio a tarefas específicas e raramente cobrem todas as tarefas do processo de ER.,true_false,Verdadeiro,true
Ferramentas de Suporte,Baseado no Capítulo 7 do CPRE Foundation Level Handbook (v1.2.2).,true,joao@quiz.com,As ferramentas de ER existentes concentram-se no apoio a tarefas específicas e raramente cobrem todas as tarefas do processo de ER.,true_false,Falso,false
Ferramentas de Suporte,Baseado no Capítulo 7 do CPRE Foundation Level Handbook (v1.2.2).,true,joao@quiz.com,"A introdução de uma nova ferramenta durante um projeto existente levará, inevitavelmente, a um atraso na entrega dos requisitos.",true_false,Verdadeiro,true
Ferramentas de Suporte,Baseado no Capítulo 7 do CPRE Foundation Level Handbook (v1.2.2).,true,joao@quiz.com,"A introdução de uma nova ferramenta durante um projeto existente levará, inevitavelmente, a um atraso na entrega dos requisitos.",true_false,Falso,false
Ferramentas de Suporte,Baseado no Capítulo 7 do CPRE Foundation Level Handbook (v1.2.2).,true,joao@quiz.com,Uma ferramenta pode garantir que os colegas adotem o método de trabalho definido e registrem os requisitos com disciplina.,true_false,Verdadeiro,false
Ferramentas de Suporte,Baseado no Capítulo 7 do CPRE Foundation Level Handbook (v1.2.2).,true,joao@quiz.com,Uma ferramenta pode garantir que os colegas adotem o método de trabalho definido e registrem os requisitos com disciplina.,true_false,Falso,true
